loan_id,customer_id,loan_amount,interest_rate,loan_term,loan_status,loan_date,income
L-0001,2221,48071.32,5.72,24,Default,2023-11-16,95420.94
L-0002,1027,39645.86,5.02,36,Delinquent,2024-03-27,34143.76
L-0003,4914,32489.54,7.85,24,Delinquent,2022-10-08,98415.61
L-0004,9582,37188.10,4.40,60,Current,2021-06-06,83614.65
L-0005,9288,7043.83,4.57,48,Current,2023-08-16,74886.95
L-0006,2195,1413.73,13.59,24,Delinquent,2021-12-14,47324.47
L-0007,3838,20084.92,7.84,12,Current,2021-11-18,66074.27
L-0008,3625,41134.98,5.66,48,Default,2022-11-20,46936.92
L-0009,8408,21703.86,12.95,36,Current,2022-09-06,46047.18
L-0010,3982,40005.31,5.35,48,Delinquent,2020-06-30,16900.64
L-0011,2160,6296.53,10.02,48,Default,2020-10-23,87819.13
L-0012,9306,22340.55,7.46,60,Delinquent,2024-05-31,47899.86
L-0013,7318,25607.54,12.56,24,Current,2021-07-07,66160.67
L-0014,8656,49379.36,14.07,12,Default,2022-06-11,32144.64
L-0015,3476,6143.64,9.92,12,Delinquent,2021-12-03,80848.11
L-0016,8928,30812.89,8.24,12,Default,2020-10-16,62272.49
L-0017,8900,6177.16,9.89,48,Default,2024-04-04,95292.28
L-0018,4848,20333.92,11.98,24,Default,2024-03-29,15442.18
L-0019,7912,21941.73,4.16,60,Current,2024-07-06,25851.77
L-0020,7329,37067.67,4.81,24,Current,2024-03-15,61654.58
L-0021,7730,19065.42,4.83,48,Default,2020-06-20,72698.75
L-0022,1804,49986.09,10.05,60,Default,2020-04-21,37056.92
L-0023,4928,10468.29,8.23,48,Current,2021-12-27,55975.58
L-0024,7199,12460.63,12.55,12,Delinquent,2020-02-24,79894.59
L-0025,5268,38074.46,14.04,36,Default,2021-05-25,47986.85
L-0026,2639,5226.33,11.46,60,Default,2024-08-04,47304.20
L-0027,6438,27766.71,9.53,36,Delinquent,2022-06-16,64152.53
L-0028,4526,18052.99,12.34,24,Current,2022-10-30,42503.20
L-0029,5864,46500.74,12.81,12,Default,2020-01-28,55197.78
L-0030,6018,49693.55,3.07,36,Current,2020-02-10,81521.90
L-0031,5829,43559.52,9.72,36,Delinquent,2023-04-21,98502.34
L-0032,6739,10968.24,13.99,48,Current,2021-08-07,41549.77
L-0033,7691,4595.42,9.77,60,Default,2023-04-23,69717.28
L-0034,6603,48697.10,4.79,24,Current,2022-02-19,44035.91
L-0035,2872,38098.01,11.78,36,Default,2024-11-24,62123.83
L-0036,3223,20241.46,6.73,60,Delinquent,2020-01-20,90824.25
L-0037,5587,32623.05,11.68,36,Current,2023-06-15,86738.53
L-0038,8167,26468.19,3.57,12,Delinquent,2021-04-26,76067.26
L-0039,2996,40257.48,11.05,12,Default,2023-05-02,10271.31
L-0040,8383,37994.89,13.69,48,Current,2024-04-17,89316.57
L-0041,1531,17936.91,3.40,36,Default,2020-07-01,37606.90
L-0042,7308,45838.70,3.78,48,Delinquent,2023-01-09,65013.99
L-0043,4311,18458.47,14.39,60,Current,2021-05-24,38426.16
L-0044,9992,35932.68,11.23,36,Default,2020-01-22,39414.25
L-0045,7994,43615.58,13.62,60,Delinquent,2021-12-27,99556.87
L-0046,3976,8479.91,13.07,36,Default,2024-06-07,99493.97
L-0047,8710,21166.10,4.98,24,Default,2024-06-12,73257.52
L-0048,3953,44585.04,4.02,24,Delinquent,2024-02-11,46857.60
L-0049,4134,19686.60,9.08,48,Default,2024-09-24,76665.67
L-0050,7703,45611.59,13.20,36,Default,2019-12-28,53689.15
L-0051,8812,32758.11,3.74,60,Delinquent,2023-10-08,87177.96
L-0052,1800,30713.57,8.32,12,Current,2024-01-07,44614.14
L-0053,3592,13568.38,13.56,48,Current,2023-02-07,51088.42
L-0054,4969,15312.96,10.58,60,Default,2023-03-22,21705.36
L-0055,2446,40717.71,6.56,24,Current,2024-10-12,52775.81
L-0056,2156,9975.04,13.87,60,Current,2024-11-01,60130.65
L-0057,9389,32951.98,8.32,60,Default,2023-07-19,29629.44
L-0058,7792,40880.30,12.95,12,Current,2023-07-18,41623.14
L-0059,9480,4005.78,13.34,60,Default,2022-01-19,46390.38
L-0060,8825,29830.95,4.24,60,Current,2020-12-03,17158.08
L-0061,3512,33204.37,14.86,12,Default,2021-12-09,71524.25
L-0062,3086,28272.72,13.53,12,Delinquent,2024-01-26,19026.50
L-0063,8015,46474.35,13.78,12,Default,2021-01-11,23495.57
L-0064,5292,11513.02,10.41,36,Default,2024-07-08,72375.12
L-0065,3611,34244.20,3.91,48,Delinquent,2021-07-30,97772.17
L-0066,6566,7259.55,8.44,24,Current,2022-08-12,35087.26
L-0067,6717,41045.78,14.60,60,Default,2021-10-27,57362.46
L-0068,4050,4718.38,8.22,24,Delinquent,2022-01-13,53246.04
L-0069,7802,48680.48,3.15,48,Delinquent,2021-09-27,91677.90
L-0070,2842,44876.45,7.31,36,Default,2021-07-25,13008.78
L-0071,1244,23214.87,5.24,60,Delinquent,2022-01-04,56976.62
L-0072,9760,6983.89,5.08,24,Default,2020-12-07,16237.21
L-0073,4122,30781.22,5.48,36,Current,2020-06-09,36809.68
L-0074,6185,45623.21,5.41,12,Delinquent,2022-03-18,36793.34
L-0075,4957,29906.91,14.10,48,Delinquent,2024-05-20,61168.91
L-0076,1926,21643.09,7.42,12,Current,2022-06-19,21898.38
L-0077,7907,11586.03,4.38,48,Default,2022-06-02,31219.99
L-0078,8175,36594.02,9.69,24,Delinquent,2021-12-22,71391.54
L-0079,4105,1796.06,14.30,12,Default,2024-03-16,80553.12
L-0080,6098,28640.20,14.33,12,Current,2021-08-10,62502.72
L-0081,6945,34975.94,12.32,24,Delinquent,2024-11-09,80992.69
L-0082,5217,15417.99,9.21,60,Default,2020-12-17,86951.49
L-0083,7297,38768.89,6.43,60,Delinquent,2023-08-09,27233.40
L-0084,2030,16303.58,7.01,12,Delinquent,2022-12-23,40328.00
L-0085,2837,42164.57,6.03,24,Current,2022-05-09,48489.84
L-0086,2037,20589.42,7.36,24,Default,2020-02-17,55730.93
L-0087,6025,44707.78,8.93,48,Default,2023-03-25,76578.81
L-0088,7469,45376.10,3.81,12,Delinquent,2024-09-16,61295.73
L-0089,3539,26188.87,7.55,48,Delinquent,2022-07-03,70915.46
L-0090,8667,20845.58,11.90,60,Default,2021-01-28,27891.63
L-0091,1337,42267.78,11.47,12,Delinquent,2021-04-14,87001.68
L-0092,3931,3523.68,10.10,12,Delinquent,2024-02-21,70543.95
L-0093,6917,41590.28,12.99,48,Default,2021-03-17,86637.29
L-0094,8228,45238.98,13.62,36,Current,2024-10-13,19437.19
L-0095,8251,29545.27,10.33,12,Current,2024-05-09,56963.22
L-0096,5391,29397.44,12.07,12,Delinquent,2024-07-22,83736.58
L-0097,8011,39909.92,14.83,48,Delinquent,2024-02-02,14879.97
L-0098,7507,14034.43,7.96,36,Delinquent,2024-10-16,45390.35
L-0099,2189,20130.07,7.99,36,Default,2020-01-06,47980.51
L-0100,5027,1862.06,13.51,12,Delinquent,2019-12-10,88615.91
L-0101,2582,41582.41,12.94,12,Current,2024-09-07,31246.53
L-0102,2780,44960.73,10.06,12,Default,2024-10-20,96873.79
L-0103,1897,3343.50,10.95,24,Delinquent,2020-06-14,91373.64
L-0104,6332,38338.92,7.88,24,Delinquent,2024-05-04,88283.30
L-0105,4083,47348.00,3.79,12,Default,2024-08-20,36563.02
L-0106,9882,33749.37,3.82,24,Current,2023-11-18,69545.79
L-0107,6281,47115.64,12.10,36,Current,2024-03-14,10633.85
L-0108,4147,14723.01,12.76,24,Delinquent,2022-06-20,66232.67
L-0109,4126,32061.79,12.77,48,Default,2021-07-06,41755.10
L-0110,5518,17946.72,6.73,12,Current,2023-10-06,20306.15
L-0111,2960,24380.99,12.06,24,Current,2022-01-31,72510.54
L-0112,3968,14612.12,6.78,12,Delinquent,2022-08-03,30279.11
L-0113,4081,22732.13,7.86,24,Default,2024-06-07,66662.84
L-0114,9721,23419.94,4.95,24,Default,2024-05-03,41734.34
L-0115,8070,24914.44,4.08,60,Current,2024-09-10,70689.39
L-0116,5732,11002.52,14.00,36,Current,2020-11-23,80814.01
L-0117,1850,21995.06,4.69,24,Current,2024-02-17,91746.01
L-0118,8204,28407.71,5.14,12,Default,2024-10-30,46098.28
L-0119,9138,42591.81,4.21,24,Delinquent,2022-09-02,96523.41
L-0120,9361,24911.15,5.64,60,Default,2022-01-03,99756.72
L-0121,5272,23516.26,9.68,36,Current,2024-08-09,90614.02
L-0122,2834,3556.31,5.22,60,Delinquent,2022-11-22,97222.99
L-0123,6625,36879.52,13.88,36,Delinquent,2022-06-04,47291.28
L-0124,1084,42446.56,6.95,48,Default,2021-04-24,18829.04
L-0125,1261,20399.67,14.24,12,Delinquent,2023-03-29,74238.16
L-0126,8171,21578.12,3.93,12,Current,2024-08-05,16222.88
L-0127,2184,13487.64,14.97,24,Default,2020-04-05,89315.60
L-0128,6358,31022.15,10.57,48,Default,2020-10-16,67678.15
L-0129,3642,21274.10,3.46,12,Delinquent,2024-10-23,30589.09
L-0130,1219,41004.95,7.95,36,Default,2023-07-27,72690.51
L-0131,2691,17678.83,5.51,36,Delinquent,2023-02-02,68803.00
L-0132,8254,37802.99,11.93,36,Current,2022-10-22,83702.80
L-0133,3513,44550.23,8.87,24,Default,2023-06-29,36982.48
L-0134,2986,7982.13,12.34,36,Default,2021-04-15,84154.06
L-0135,1817,48753.21,5.94,36,Default,2024-11-09,61802.98
L-0136,4155,18075.13,5.27,24,Current,2023-06-03,79481.10
L-0137,8674,11030.19,8.97,36,Current,2024-04-08,36359.01
L-0138,5387,32255.83,7.81,24,Default,2022-02-24,35601.84
L-0139,4777,35162.07,3.32,24,Current,2023-08-28,68783.67
L-0140,8530,30395.17,8.35,48,Default,2021-05-31,42438.56
L-0141,1135,11300.43,14.23,24,Delinquent,2022-01-15,97402.68
L-0142,3378,20803.22,12.89,48,Default,2024-11-01,98703.90
L-0143,1237,38960.12,5.41,24,Default,2024-08-23,89565.71
L-0144,7016,12444.24,11.07,36,Current,2023-05-24,12102.94
L-0145,3213,3708.42,4.88,48,Delinquent,2023-06-23,88811.21
L-0146,7167,15813.93,8.16,24,Default,2020-05-29,22751.06
L-0147,3145,1587.10,10.02,24,Default,2020-02-08,29147.80
L-0148,5109,48425.32,13.93,48,Delinquent,2023-02-28,87330.56
L-0149,8988,45942.47,12.13,48,Current,2023-11-29,16717.36
L-0150,5471,16889.88,8.60,24,Current,2022-07-24,53545.89
L-0151,9031,45120.02,5.35,24,Current,2024-10-22,25977.54
L-0152,6307,22576.69,11.89,24,Delinquent,2024-12-01,28361.52
L-0153,4614,37269.21,8.26,60,Current,2023-01-08,96182.76
L-0154,1162,26035.24,13.12,24,Default,2024-11-25,53441.43
L-0155,8059,5859.05,11.32,48,Delinquent,2022-12-06,33836.50
L-0156,9908,22787.61,8.46,60,Current,2023-12-07,51235.35
L-0157,6643,37191.54,11.18,24,Current,2023-02-05,17237.18
L-0158,5439,19119.67,9.13,60,Delinquent,2024-05-22,48719.38
L-0159,6373,9698.27,13.65,48,Default,2023-06-07,73845.35
L-0160,4813,47476.92,4.93,60,Current,2023-06-10,85195.20
L-0161,4732,12403.24,6.64,48,Default,2024-07-08,58824.90
L-0162,8059,48277.33,13.23,24,Current,2024-03-24,96132.01
L-0163,2877,7516.03,4.81,36,Default,2024-04-22,72064.02
L-0164,2889,34599.30,9.47,60,Default,2021-01-21,78454.73
L-0165,9200,7301.71,7.05,48,Current,2022-10-20,63971.00
L-0166,8731,33517.42,3.66,12,Delinquent,2024-10-10,82975.35
L-0167,1689,18368.35,10.77,36,Default,2020-07-21,38504.94
L-0168,3129,43354.89,11.56,48,Delinquent,2024-03-14,78108.40
L-0169,9759,12411.40,9.00,24,Current,2023-03-24,34005.07
L-0170,9108,46592.66,6.57,24,Default,2020-05-07,53953.95
L-0171,7317,12402.93,9.76,48,Current,2023-03-30,93352.04
L-0172,3967,5112.68,4.97,36,Default,2020-06-12,87463.64
L-0173,1804,3977.32,7.36,36,Current,2022-03-25,15500.74
L-0174,6842,29884.58,8.79,12,Delinquent,2020-06-09,23771.27
L-0175,2229,3639.78,3.12,24,Current,2020-09-21,90905.77
L-0176,3279,36804.62,3.88,48,Default,2024-08-14,83243.52
L-0177,4971,33781.80,8.09,12,Current,2022-05-05,65287.67
L-0178,2420,21260.32,3.38,36,Default,2020-11-05,65972.36
L-0179,1668,31257.90,6.71,24,Default,2021-01-28,63770.00
L-0180,5567,5394.50,13.16,12,Delinquent,2023-01-27,86779.69
L-0181,8825,7833.82,6.03,60,Current,2022-02-15,12658.85
L-0182,2362,30972.16,6.77,36,Current,2023-11-11,21247.31
L-0183,2591,48835.99,6.49,24,Delinquent,2024-05-11,95331.13
L-0184,6189,42363.53,8.55,12,Delinquent,2022-01-23,86015.06
L-0185,7889,40522.38,5.33,60,Default,2020-12-20,23426.92
L-0186,6117,47482.33,6.42,12,Current,2020-04-25,94763.09
L-0187,1548,43733.69,6.31,60,Current,2020-03-23,97373.63
L-0188,4912,31459.79,4.22,48,Current,2023-02-25,47001.68
L-0189,4871,19487.16,13.07,12,Current,2021-01-21,83327.48
L-0190,3993,16430.61,4.39,12,Default,2023-01-25,31937.21
L-0191,4005,5039.02,13.44,48,Default,2024-11-05,33468.76
L-0192,7566,17395.08,12.63,60,Delinquent,2021-05-22,46871.44
L-0193,3795,40946.43,9.15,48,Default,2023-11-07,11375.55
L-0194,5260,31053.22,12.19,24,Current,2021-12-22,20652.63
L-0195,5708,5293.80,12.77,48,Delinquent,2021-09-20,32683.76
L-0196,3144,2633.32,14.79,60,Current,2022-05-05,99495.38
L-0197,9905,24572.12,4.08,60,Current,2022-10-17,72569.56
L-0198,5173,34555.63,13.32,24,Current,2021-08-21,74046.85
L-0199,4632,31663.25,11.94,48,Default,2020-05-04,89192.80
L-0200,4008,26582.09,10.69,60,Default,2023-11-30,52285.00
L-0201,7245,34983.78,7.76,36,Current,2020-04-13,82752.34
L-0202,7585,19056.41,3.47,36,Default,2023-08-29,64124.98
L-0203,1664,26978.80,8.40,48,Default,2023-01-03,11330.85
L-0204,3341,20090.90,7.58,12,Delinquent,2023-05-25,13180.30
L-0205,7852,6007.78,6.73,12,Default,2024-07-16,93191.58
L-0206,6748,15052.21,8.81,48,Current,2024-01-13,62006.59
L-0207,5707,48988.89,7.55,12,Current,2022-06-29,51439.11
L-0208,9127,35954.77,3.86,60,Current,2022-09-30,92911.81
L-0209,8520,24731.87,5.19,24,Delinquent,2024-08-23,69011.09
L-0210,2339,39024.47,9.39,60,Delinquent,2023-06-09,43761.27
L-0211,2015,33233.51,3.88,48,Default,2021-05-04,98428.00
L-0212,7158,9367.81,8.83,12,Default,2023-12-15,28323.83
L-0213,2357,25662.90,8.20,24,Delinquent,2022-08-06,40146.96
L-0214,4155,6697.88,11.94,24,Delinquent,2022-09-28,92913.36
L-0215,3555,47057.05,4.11,36,Current,2020-09-07,94175.10
L-0216,7844,7741.82,11.50,48,Current,2023-07-20,57926.76
L-0217,5673,12683.13,3.75,12,Default,2024-08-14,59877.57
L-0218,6252,24005.06,6.66,60,Default,2024-04-24,51915.12
L-0219,4626,14359.20,7.66,12,Delinquent,2023-09-24,94915.15
L-0220,4382,6183.33,3.97,48,Delinquent,2024-06-09,92642.77
L-0221,8084,18647.60,9.27,48,Current,2024-09-25,15563.48
L-0222,3034,7549.87,4.38,60,Current,2024-06-10,80306.86
L-0223,1467,15400.58,13.35,60,Delinquent,2023-06-21,38586.72
L-0224,9641,25588.66,14.68,48,Current,2024-01-06,35495.97
L-0225,5214,36168.15,7.33,36,Default,2022-02-08,48336.25
L-0226,2038,3659.06,14.11,48,Default,2023-05-25,18332.13
L-0227,1000,18920.97,7.75,24,Default,2021-01-11,32239.82
L-0228,5365,33879.46,4.86,12,Default,2021-10-09,56483.12
L-0229,2381,28007.15,14.08,48,Current,2023-05-06,70646.06
L-0230,5549,14867.29,5.11,24,Current,2021-02-25,86944.64
L-0231,6919,44553.70,3.82,60,Current,2023-06-23,61251.84
L-0232,3971,8377.67,3.58,12,Delinquent,2021-01-16,99534.38
L-0233,3453,42033.17,14.49,48,Default,2023-08-18,19230.88
L-0234,9721,22302.78,9.34,48,Default,2020-11-04,13898.62
L-0235,1017,37216.07,9.43,24,Delinquent,2024-10-21,60231.92
L-0236,7974,13164.07,3.48,60,Delinquent,2022-07-24,31814.64
L-0237,3923,10033.31,14.55,24,Current,2022-11-30,88647.48
L-0238,3155,43412.37,7.66,36,Delinquent,2020-01-08,97798.00
L-0239,3126,10240.65,10.54,24,Default,2023-08-22,46832.05
L-0240,1842,27246.27,11.77,36,Current,2023-12-29,43103.53
L-0241,8383,5940.24,11.93,24,Delinquent,2022-06-04,26082.17
L-0242,6976,9799.80,4.31,48,Default,2022-05-28,93673.31
L-0243,5657,34369.09,4.17,60,Current,2020-01-22,39783.30
L-0244,6059,37477.87,4.02,24,Current,2023-10-11,14707.14
L-0245,2623,9905.24,13.72,60,Default,2024-06-28,28958.94
L-0246,9910,2357.64,12.77,60,Default,2023-05-06,36944.18
L-0247,5645,42956.08,3.10,12,Default,2022-09-11,61838.37
L-0248,4487,16068.78,12.26,24,Delinquent,2021-02-23,52968.96
L-0249,3937,2883.89,9.23,24,Delinquent,2021-06-25,18873.05
L-0250,5373,15703.44,6.95,48,Delinquent,2021-12-15,42607.88
L-0251,4803,15855.55,4.28,12,Current,2020-09-23,92644.44
L-0252,9279,22965.07,9.40,12,Delinquent,2024-11-03,84312.01
L-0253,6915,6500.67,9.69,36,Delinquent,2023-05-12,33257.45
L-0254,3884,12978.82,9.51,36,Default,2023-06-17,34743.85
L-0255,6553,40413.57,3.50,36,Delinquent,2022-10-16,98730.26
L-0256,2287,27955.71,5.35,60,Default,2024-04-17,29496.18
L-0257,5791,38616.58,7.67,48,Default,2021-06-27,83950.78
L-0258,1276,31673.16,3.30,60,Default,2024-03-17,40470.06
L-0259,9747,22246.17,9.12,12,Current,2023-10-17,68837.16
L-0260,7808,49260.27,6.67,60,Delinquent,2021-06-27,99399.97
L-0261,3010,46242.34,5.68,12,Default,2023-11-10,42035.41
L-0262,6313,18915.46,14.31,24,Default,2020-12-30,10961.78
L-0263,7760,11128.22,5.92,12,Delinquent,2023-05-05,47139.14
L-0264,8552,26086.76,4.57,24,Current,2020-01-30,59334.87
L-0265,4032,12109.23,13.49,48,Current,2020-11-28,54896.10
L-0266,1188,4913.08,11.49,12,Current,2024-03-03,17658.42
L-0267,2945,11757.95,3.18,36,Current,2023-09-23,70117.03
L-0268,9927,32145.20,11.24,48,Delinquent,2020-02-22,39275.43
L-0269,5720,19667.43,5.89,60,Current,2022-07-04,27991.88
L-0270,3656,46632.55,10.76,48,Default,2021-08-16,68667.15
L-0271,9480,24086.77,6.64,60,Delinquent,2021-06-23,17328.43
L-0272,4523,9210.20,6.96,24,Default,2023-03-15,28085.81
L-0273,1831,20681.21,11.80,24,Default,2023-02-01,32977.28
L-0274,1847,21346.23,5.52,24,Default,2023-09-16,99934.60
L-0275,9558,15933.54,3.79,24,Current,2020-04-10,86536.54
L-0276,7340,7525.62,10.80,12,Current,2022-06-01,95619.70
L-0277,1044,30196.64,10.58,48,Current,2023-11-18,53876.74
L-0278,1882,26269.90,13.49,48,Current,2024-04-04,99375.59
L-0279,9810,8252.63,5.77,36,Current,2024-03-29,60467.29
L-0280,7020,28318.66,9.95,36,Current,2024-07-30,12832.77
L-0281,9946,23252.63,6.18,36,Current,2024-07-10,16157.13
L-0282,8076,19583.92,8.06,60,Current,2021-01-30,92758.69
L-0283,9198,47024.92,3.97,24,Delinquent,2023-07-13,17110.15
L-0284,4714,33486.70,10.93,48,Default,2021-09-10,86576.18
L-0285,7151,4677.98,5.92,48,Delinquent,2021-05-17,95188.99
L-0286,8147,16352.33,13.62,36,Delinquent,2023-07-09,97381.42
L-0287,3058,12728.65,5.28,60,Current,2024-10-19,49802.02
L-0288,3445,36249.36,6.56,48,Current,2024-10-02,88121.28
L-0289,6843,9971.67,8.79,36,Delinquent,2024-02-10,98955.84
L-0290,3522,47760.24,3.62,12,Default,2021-04-20,70158.94
L-0291,5851,46673.18,3.39,12,Current,2021-09-01,80200.50
L-0292,1774,23668.03,3.54,12,Default,2021-05-19,96820.42
L-0293,3904,5354.31,14.44,12,Current,2020-12-28,41872.75
L-0294,7545,21955.00,12.18,36,Current,2024-09-04,65047.73
L-0295,7052,13922.46,3.73,60,Delinquent,2020-08-10,47113.85
L-0296,1333,36352.50,5.99,12,Default,2022-11-16,47843.51
L-0297,1975,39176.08,10.68,12,Default,2023-03-11,81506.26
L-0298,6793,46221.69,13.51,24,Default,2020-03-15,61995.44
L-0299,9731,13714.22,8.78,60,Current,2024-05-27,89162.31
L-0300,6677,19983.15,13.46,48,Delinquent,2023-09-10,50688.42
L-0301,6778,9463.34,4.10,12,Current,2024-03-23,84565.00
L-0302,1177,38553.02,11.04,24,Default,2024-09-01,16625.61
L-0303,6421,22833.24,9.10,24,Delinquent,2021-12-03,52601.90
L-0304,3988,31189.93,9.81,60,Current,2023-11-09,60416.35
L-0305,9879,10842.06,10.05,36,Default,2021-07-24,14656.69
L-0306,3653,9659.94,4.22,60,Current,2024-06-07,78158.85
L-0307,4415,28304.03,10.53,36,Delinquent,2020-05-13,81707.62
L-0308,8222,6162.60,10.94,24,Current,2023-01-27,86993.57
L-0309,2976,34462.08,4.64,12,Delinquent,2020-08-26,52285.46
L-0310,7573,2289.71,12.62,36,Default,2024-07-06,23534.28
L-0311,8191,19954.93,6.76,48,Delinquent,2024-04-23,20601.97
L-0312,9299,13050.66,8.74,24,Delinquent,2022-04-15,99842.73
L-0313,7576,20391.66,4.42,36,Current,2020-04-18,47497.77
L-0314,3324,44256.01,6.51,24,Delinquent,2022-12-15,39165.31
L-0315,7400,23923.52,4.86,12,Default,2023-01-20,86719.94
L-0316,3459,47671.95,7.49,12,Delinquent,2019-12-24,40016.43
L-0317,9458,43308.40,10.53,48,Delinquent,2020-04-09,86097.66
L-0318,6435,48811.14,9.38,36,Current,2021-02-02,49435.85
L-0319,9411,12816.56,7.03,36,Delinquent,2024-02-28,16937.12
L-0320,6095,39643.61,13.70,24,Delinquent,2020-06-01,83570.01
L-0321,4097,17417.97,13.43,48,Default,2020-08-14,90887.00
L-0322,7249,36603.83,9.77,48,Current,2024-10-23,57512.83
L-0323,5837,38763.93,13.50,60,Current,2022-12-21,62637.69
L-0324,4274,11348.88,3.77,60,Current,2021-09-11,96013.43
L-0325,8348,22879.12,9.90,12,Current,2023-05-18,79955.76
L-0326,1203,1143.66,4.19,24,Current,2021-11-20,11678.75
L-0327,9067,18816.90,7.62,48,Delinquent,2022-03-09,52647.33
L-0328,2853,47890.58,12.35,24,Current,2022-02-24,77332.94
L-0329,3146,12322.41,10.16,60,Current,2022-02-18,40602.65
L-0330,3512,43982.15,3.09,48,Delinquent,2021-07-23,18448.88
L-0331,7956,49617.67,7.54,24,Delinquent,2023-06-20,21916.50
L-0332,4978,30060.00,4.13,48,Delinquent,2020-09-06,62539.29
L-0333,3039,18402.87,12.08,60,Current,2024-05-06,62997.26
L-0334,1810,10751.68,7.42,36,Current,2024-02-09,34335.20
L-0335,4162,16549.92,14.02,12,Default,2021-08-14,86844.61
L-0336,7903,19861.85,14.17,24,Current,2022-11-08,29811.63
L-0337,6134,19048.50,13.19,36,Current,2020-08-23,53713.88
L-0338,5221,20695.01,5.64,12,Current,2023-04-12,10383.63
L-0339,4583,43463.50,11.19,48,Default,2023-02-17,41130.84
L-0340,2051,37617.35,3.87,24,Current,2020-05-22,65117.53
L-0341,9511,45498.86,13.61,48,Current,2024-11-15,57264.77
L-0342,6168,19842.97,7.92,60,Default,2023-01-05,18118.36
L-0343,8153,9608.87,5.57,36,Delinquent,2019-12-22,44274.61
L-0344,3719,27115.74,7.85,60,Default,2023-03-24,79349.07
L-0345,4306,38967.29,14.33,24,Delinquent,2020-12-31,53815.59
L-0346,5661,5142.74,10.57,24,Delinquent,2024-08-08,97714.39
L-0347,2889,32958.23,7.72,36,Default,2024-09-12,58232.20
L-0348,4112,23868.86,11.18,48,Current,2020-03-23,97418.13
L-0349,7920,15981.57,5.71,12,Delinquent,2020-01-08,18414.66
L-0350,3812,23164.90,14.09,60,Current,2022-03-09,96336.80
L-0351,6849,38578.01,3.24,60,Delinquent,2021-03-22,33564.23
L-0352,6535,1448.28,5.01,12,Current,2023-06-15,87169.55
L-0353,3856,8203.33,11.19,48,Current,2022-02-18,17544.57
L-0354,6781,36959.06,12.18,24,Default,2020-09-13,47173.16
L-0355,2860,28919.60,6.62,24,Default,2021-10-29,69572.08
L-0356,7749,23874.46,10.68,12,Delinquent,2023-11-05,68366.98
L-0357,8245,39357.81,11.90,12,Delinquent,2023-01-02,72037.78
L-0358,1425,4872.90,6.23,48,Current,2020-02-27,54660.38
L-0359,1286,11186.46,9.27,60,Delinquent,2020-02-26,91659.55
L-0360,2501,15646.56,12.19,36,Default,2024-02-18,88023.00
L-0361,1558,39410.55,11.35,60,Delinquent,2022-04-21,71902.38
L-0362,4217,11618.92,8.95,12,Current,2023-08-17,61013.65
L-0363,4291,44717.51,12.31,48,Delinquent,2023-10-23,38629.21
L-0364,5373,29075.89,8.94,12,Current,2024-06-17,22593.55
L-0365,9782,43119.87,7.87,12,Delinquent,2023-06-15,32507.42
L-0366,7606,39441.65,13.75,36,Current,2024-02-20,37741.88
L-0367,4727,18988.65,12.91,12,Delinquent,2021-08-06,12552.08
L-0368,7234,3339.49,10.17,48,Default,2021-08-17,14452.09
L-0369,8042,35060.67,12.39,24,Current,2020-05-25,60696.03
L-0370,3439,11034.47,4.76,48,Default,2024-01-03,79121.73
L-0371,7951,42430.62,5.21,48,Delinquent,2023-10-10,67074.34
L-0372,1795,21047.27,12.58,36,Current,2021-12-03,12324.01
L-0373,3927,16973.72,8.12,12,Default,2020-10-08,24220.75
L-0374,6983,23794.96,5.45,60,Default,2024-05-06,72980.07
L-0375,2188,11338.79,12.47,12,Current,2022-04-24,39772.68
L-0376,6341,6240.67,8.45,48,Current,2024-06-30,16084.44
L-0377,7944,44845.86,3.21,48,Default,2023-11-01,78337.03
L-0378,4713,16661.94,10.03,12,Current,2023-09-29,35186.23
L-0379,4938,40078.69,14.35,12,Current,2020-01-06,10199.33
L-0380,6063,2879.88,8.76,24,Delinquent,2023-08-12,22563.13
L-0381,5431,27629.82,6.41,60,Default,2023-10-28,75561.98
L-0382,1326,20201.57,14.38,48,Delinquent,2023-06-16,19485.49
L-0383,7939,40080.92,9.75,48,Current,2020-12-09,57484.06
L-0384,7491,49710.60,8.79,48,Default,2020-10-05,64415.68
L-0385,9054,8813.69,7.81,12,Default,2024-09-10,79251.87
L-0386,6884,39421.00,10.51,24,Delinquent,2020-05-11,25192.15
L-0387,5511,34651.12,8.24,60,Delinquent,2022-05-28,51591.40
L-0388,2003,33499.60,8.06,48,Default,2021-03-22,59861.49
L-0389,3326,19821.22,5.15,36,Delinquent,2020-05-26,88852.62
L-0390,9123,30572.92,11.99,60,Delinquent,2023-05-05,60085.45
L-0391,6609,29194.34,10.57,24,Current,2021-02-05,72770.58
L-0392,2854,14319.62,3.76,36,Delinquent,2021-10-22,20738.59
L-0393,9547,34880.39,12.04,12,Current,2023-02-24,68720.75
L-0394,2819,43338.82,8.94,12,Current,2020-04-10,10764.67
L-0395,7434,4671.58,13.65,24,Current,2023-02-10,94115.13
L-0396,7296,40715.56,5.12,60,Delinquent,2024-03-13,62178.85
L-0397,2936,17543.21,9.20,36,Current,2020-04-04,92880.90
L-0398,7558,39066.24,14.11,24,Current,2022-09-11,44732.33
L-0399,6082,1872.75,6.70,12,Default,2021-12-09,69329.55
L-0400,1554,18011.62,13.92,24,Default,2020-08-13,80326.15
L-0401,2058,49127.37,8.71,48,Delinquent,2021-08-18,62799.35
L-0402,5352,15114.72,5.42,12,Delinquent,2022-04-22,53667.54
L-0403,7109,4123.87,3.76,36,Delinquent,2022-11-30,40717.17
L-0404,8969,19456.71,13.39,60,Current,2023-03-03,89077.23
L-0405,6841,9038.00,3.86,48,Current,2023-02-20,79906.44
L-0406,8420,25145.37,9.93,48,Current,2023-08-05,91052.15
L-0407,3773,4005.81,13.40,36,Current,2023-06-07,39928.00
L-0408,7430,30410.55,9.18,48,Delinquent,2022-03-01,67415.44
L-0409,2871,18689.99,13.45,60,Current,2022-04-04,28947.60
L-0410,1113,48689.27,14.19,12,Current,2022-02-01,81160.88
L-0411,5790,33809.15,12.86,24,Delinquent,2024-06-22,82825.38
L-0412,8298,26882.63,3.67,12,Default,2020-02-28,61513.82
L-0413,4291,5434.93,8.91,24,Delinquent,2023-05-11,82165.85
L-0414,4028,21087.33,12.57,36,Default,2020-03-20,11960.02
L-0415,2809,38599.97,14.24,36,Current,2022-09-26,87476.34
L-0416,9157,8780.15,4.23,24,Delinquent,2020-09-08,78230.46
L-0417,3759,26473.73,14.26,36,Current,2022-02-05,73516.13
L-0418,8753,40986.23,14.71,12,Delinquent,2020-12-09,85855.90
L-0419,9887,22574.30,12.40,24,Delinquent,2020-08-14,77528.27
L-0420,6060,23690.79,10.16,12,Delinquent,2023-05-30,30105.14
L-0421,1399,4523.32,10.54,48,Current,2021-06-28,71951.37
L-0422,5990,31000.45,10.34,24,Default,2024-05-19,60562.08
L-0423,9011,33125.92,12.12,60,Default,2022-12-07,26882.43
L-0424,5740,12677.04,4.63,60,Delinquent,2021-04-15,45148.14
L-0425,3427,16351.54,3.88,60,Current,2022-08-27,48984.14
L-0426,7927,40381.88,8.50,48,Current,2022-06-08,30746.28
L-0427,1946,47297.06,8.54,12,Delinquent,2023-08-27,10534.15
L-0428,5766,19327.03,13.89,12,Current,2022-08-29,30571.47
L-0429,1416,3213.09,4.92,60,Current,2020-01-20,68942.65
L-0430,9839,2997.67,13.72,48,Current,2024-11-20,50258.55
L-0431,4286,45403.26,5.89,48,Current,2022-11-25,77913.84
L-0432,6030,32477.62,10.96,48,Current,2021-10-26,43101.25
L-0433,2996,28555.50,11.02,60,Delinquent,2023-01-10,99896.70
L-0434,8004,49916.46,3.38,60,Current,2021-09-12,97840.80
L-0435,1197,9695.64,5.49,12,Current,2023-07-27,29418.84
L-0436,9845,31355.09,10.50,24,Default,2024-07-13,14690.37
L-0437,8912,15297.54,9.27,48,Delinquent,2022-02-10,91106.25
L-0438,8736,1200.73,11.58,60,Delinquent,2021-07-19,81854.54
L-0439,5969,43152.05,8.70,36,Delinquent,2022-10-09,54053.21
L-0440,4404,36023.52,13.52,12,Delinquent,2019-12-23,31307.97
L-0441,4819,27278.99,3.51,24,Current,2023-03-21,11151.64
L-0442,8679,16674.26,12.91,12,Current,2024-04-02,33487.12
L-0443,3680,33940.88,5.66,60,Current,2023-06-10,69374.99
L-0444,7228,43492.78,5.73,60,Delinquent,2024-04-23,80934.09
L-0445,3363,20505.44,7.15,48,Current,2023-07-26,72633.44
L-0446,8247,36539.22,3.60,48,Current,2021-04-23,96621.81
L-0447,4899,18861.42,9.08,24,Delinquent,2021-01-17,88568.72
L-0448,3423,20534.18,8.95,36,Delinquent,2023-10-07,30201.79
L-0449,8332,40367.77,8.51,12,Default,2023-10-04,19012.58
L-0450,7994,17874.58,3.69,60,Current,2020-06-05,19127.14
L-0451,1535,42737.88,3.79,24,Delinquent,2022-02-10,61842.02
L-0452,4323,46870.50,10.95,60,Default,2021-01-13,29793.85
L-0453,8494,36233.24,3.10,36,Delinquent,2024-07-14,23022.04
L-0454,1336,5226.50,14.71,48,Default,2022-05-13,92833.62
L-0455,3910,42359.70,13.19,24,Current,2020-09-11,66540.30
L-0456,8116,33153.26,9.26,36,Default,2024-10-02,21708.90
L-0457,7424,16942.95,12.92,48,Delinquent,2024-09-08,44261.59
L-0458,2594,47200.27,7.26,60,Current,2023-02-12,70927.69
L-0459,8469,22366.75,13.01,60,Current,2020-06-25,96358.21
L-0460,7907,36455.68,12.22,60,Default,2023-05-08,26238.58
L-0461,2563,34454.06,11.47,48,Current,2022-04-10,51337.54
L-0462,4606,10943.14,4.69,48,Delinquent,2023-09-18,95016.88
L-0463,2943,33996.89,7.13,36,Current,2021-10-05,16319.61
L-0464,3919,28579.90,5.53,48,Current,2022-02-25,89766.71
L-0465,1439,12081.24,7.55,60,Delinquent,2021-08-07,93787.11
L-0466,5026,22993.80,6.52,24,Default,2022-04-27,41948.79
L-0467,2646,20367.43,14.92,24,Delinquent,2020-02-25,95934.66
L-0468,3596,35732.13,10.55,36,Delinquent,2021-10-08,98786.25
L-0469,4896,41448.07,6.23,36,Default,2019-12-30,34490.27
L-0470,6057,28597.06,8.26,24,Delinquent,2022-08-05,62884.71
L-0471,1198,26962.05,14.61,24,Default,2020-10-13,81707.40
L-0472,6860,24648.89,10.61,12,Current,2021-01-18,65750.29
L-0473,2464,1497.62,13.67,24,Current,2023-09-23,58425.43
L-0474,3105,5817.10,12.22,12,Default,2021-09-27,78945.96
L-0475,3162,17772.51,8.44,60,Default,2020-06-23,62535.69
L-0476,4326,49018.32,11.40,24,Default,2024-02-18,78340.35
L-0477,3300,37979.94,4.83,36,Default,2021-03-12,21423.19
L-0478,7899,7837.40,11.39,60,Current,2021-11-15,47551.62
L-0479,9866,5135.37,11.76,24,Delinquent,2024-04-21,65265.51
L-0480,5890,43873.20,9.50,60,Default,2024-06-08,10578.65
L-0481,9580,10835.95,13.90,24,Delinquent,2023-08-12,48317.99
L-0482,1309,39370.27,3.79,24,Current,2024-01-16,85734.63
L-0483,6850,40041.76,3.67,12,Current,2021-04-06,62258.52
L-0484,8405,32444.23,14.36,48,Delinquent,2021-01-29,71339.77
L-0485,6192,45372.74,12.21,12,Default,2023-05-29,70755.72
L-0486,1640,4230.60,7.66,60,Default,2020-08-26,44581.32
L-0487,7095,19057.46,12.97,36,Default,2024-10-19,20381.67
L-0488,8861,28340.95,10.77,12,Delinquent,2024-02-10,33844.41
L-0489,1594,29327.70,5.13,36,Current,2022-12-06,12583.49
L-0490,3328,17532.66,6.82,24,Delinquent,2024-07-10,15698.84
L-0491,7352,6299.20,5.16,48,Current,2021-02-02,17867.26
L-0492,1494,11536.69,5.63,12,Delinquent,2023-02-01,20278.95
L-0493,9604,37768.16,9.05,48,Default,2021-11-08,80489.27
L-0494,2065,4549.12,9.62,36,Delinquent,2022-09-28,75495.40
L-0495,1051,27050.94,8.84,36,Default,2024-07-10,58442.32
L-0496,9824,38940.62,11.61,12,Delinquent,2020-02-19,38705.04
L-0497,6046,7660.97,6.51,12,Current,2024-10-12,87289.17
L-0498,2411,48584.75,4.27,48,Delinquent,2023-07-07,55123.71
L-0499,7322,16074.92,12.17,12,Delinquent,2020-08-24,66137.47
L-0500,1140,48570.55,9.82,24,Delinquent,2023-05-27,60784.80
L-0501,1253,23601.68,5.89,36,Default,2022-09-20,30768.24
L-0502,5389,24827.98,13.69,36,Default,2021-08-12,79057.16
L-0503,8081,28672.54,12.98,48,Delinquent,2022-07-06,60338.92
L-0504,1605,48297.37,10.59,60,Default,2020-03-21,30826.57
L-0505,1357,36270.45,12.29,24,Delinquent,2023-10-03,48092.40
L-0506,9226,11174.18,13.14,12,Default,2022-03-22,48679.99
L-0507,6125,4439.97,12.25,60,Current,2021-01-02,85287.83
L-0508,9152,4014.30,11.84,36,Current,2022-05-19,24033.36
L-0509,1232,26777.55,12.77,36,Default,2023-06-13,68871.82
L-0510,2514,39663.89,9.83,60,Current,2021-12-11,46803.59
L-0511,5343,28179.27,14.35,48,Current,2021-09-12,47914.96
L-0512,3015,33126.64,13.01,12,Default,2023-03-01,80728.28
L-0513,7238,46388.96,3.75,24,Current,2024-11-30,49871.39
L-0514,3078,3853.15,3.31,12,Delinquent,2020-09-11,29708.58
L-0515,6579,20129.56,9.98,48,Current,2022-10-31,94147.43
L-0516,4340,13098.26,8.99,36,Default,2024-01-31,66506.79
L-0517,6713,36235.70,9.29,36,Delinquent,2023-05-29,30545.87
L-0518,5216,6163.12,3.95,24,Delinquent,2021-12-13,48113.45
L-0519,6483,9848.67,3.98,24,Current,2024-03-14,25976.96
L-0520,8779,25164.48,14.44,48,Delinquent,2024-03-27,39031.35
L-0521,7422,33467.70,14.26,60,Default,2023-02-28,40737.89
L-0522,2425,20475.64,11.06,60,Current,2024-03-09,62964.86
L-0523,5371,15860.42,4.37,60,Delinquent,2022-01-09,31653.12
L-0524,3196,20344.89,12.96,12,Delinquent,2022-04-13,65472.86
L-0525,1743,48321.56,13.74,36,Current,2021-04-10,88720.49
L-0526,7815,49805.19,3.19,36,Current,2022-05-06,50997.72
L-0527,5853,2612.74,12.33,24,Default,2023-01-10,67745.24
L-0528,5200,45058.56,6.45,60,Default,2023-09-02,80163.16
L-0529,6880,17356.36,3.33,60,Default,2023-08-11,33975.51
L-0530,7446,19875.98,7.00,24,Default,2024-05-17,80177.88
L-0531,9121,28919.31,12.81,60,Delinquent,2020-06-01,26795.56
L-0532,5114,42189.15,13.98,36,Delinquent,2021-11-19,60292.72
L-0533,6705,40236.56,7.26,24,Default,2021-10-29,69822.85
L-0534,2317,18661.10,10.52,12,Current,2021-05-17,27608.58
L-0535,8793,46800.67,12.08,36,Current,2020-01-24,89850.67
L-0536,8978,24552.58,10.38,24,Default,2021-04-15,18444.41
L-0537,7013,9094.84,14.35,60,Current,2024-05-05,28860.19
L-0538,3871,47908.26,4.01,24,Current,2022-01-12,52979.38
L-0539,7971,30675.59,7.06,36,Default,2021-08-20,23507.43
L-0540,4335,4995.62,14.66,12,Default,2022-09-14,85652.23
L-0541,2053,1704.07,7.58,60,Delinquent,2022-07-27,24271.15
L-0542,8033,43618.96,5.69,48,Default,2024-04-09,16038.26
L-0543,7732,44849.47,12.02,24,Default,2021-01-02,69716.32
L-0544,9909,13749.40,13.77,36,Current,2024-11-19,76016.88
L-0545,8411,46495.93,3.78,12,Delinquent,2022-02-02,26659.66
L-0546,8769,45255.07,8.79,36,Delinquent,2023-09-23,78925.73
L-0547,6760,41946.98,10.23,60,Default,2020-04-13,53325.04
L-0548,4470,48429.87,5.38,48,Current,2021-06-21,40372.82
L-0549,4003,24435.34,3.31,12,Default,2020-03-13,68621.83
L-0550,6975,2461.76,3.08,36,Delinquent,2022-08-30,57040.34
L-0551,5790,17575.74,13.94,60,Current,2024-07-17,91096.86
L-0552,7939,4298.39,6.80,12,Default,2021-08-21,69487.98
L-0553,2190,32753.41,4.33,24,Current,2023-01-04,85498.59
L-0554,1873,13968.31,8.02,36,Current,2024-04-01,10191.50
L-0555,4935,2083.93,12.89,48,Default,2023-04-10,76444.18
L-0556,5611,22567.20,6.92,48,Current,2024-07-18,15435.90
L-0557,8753,38283.26,3.64,12,Current,2021-10-04,84901.82
L-0558,8485,40522.19,7.86,36,Current,2023-06-04,56920.20
L-0559,2142,34562.16,6.99,24,Current,2022-05-09,67014.89
L-0560,1094,16385.02,7.22,24,Delinquent,2022-01-18,85453.62
L-0561,6977,9860.73,9.81,48,Current,2024-10-08,30124.18
L-0562,3849,29957.19,3.16,24,Default,2022-02-12,77687.97
L-0563,7632,22177.43,5.19,48,Current,2020-09-24,64657.05
L-0564,3871,47395.56,3.60,12,Current,2023-08-18,99286.39
L-0565,7197,37291.20,8.03,24,Default,2024-09-29,82814.96
L-0566,1756,25466.33,13.49,36,Default,2021-08-12,15227.86
L-0567,4527,32348.21,4.00,48,Current,2021-01-27,86975.98
L-0568,1878,47056.56,8.57,60,Current,2022-01-22,79443.58
L-0569,2657,38508.12,11.55,12,Delinquent,2020-01-28,23373.10
L-0570,5438,40063.09,14.23,24,Current,2023-06-16,35670.57
L-0571,6425,1754.21,4.91,48,Default,2023-10-29,67622.67
L-0572,7429,5729.51,3.19,48,Current,2024-04-26,82589.66
L-0573,7188,14046.84,14.24,60,Delinquent,2021-08-25,26026.22
L-0574,5034,25143.71,5.69,60,Default,2020-08-20,75771.94
L-0575,9015,31768.81,3.35,24,Delinquent,2020-05-04,33153.88
L-0576,9841,6682.27,8.03,60,Delinquent,2024-05-16,91985.42
L-0577,3254,39684.70,10.64,12,Default,2020-11-07,86565.27
L-0578,2003,18728.72,13.62,48,Default,2021-06-08,37706.60
L-0579,9358,17166.63,12.02,36,Default,2023-05-04,96828.16
L-0580,9743,4202.60,6.18,60,Current,2021-05-19,47836.03
L-0581,5274,19870.73,10.06,48,Current,2021-06-20,31514.88
L-0582,7439,40093.36,5.79,60,Current,2024-06-29,35932.41
L-0583,7349,26218.40,7.70,36,Current,2022-03-23,51463.05
L-0584,2330,34611.46,11.21,36,Current,2020-07-04,42241.29
L-0585,9706,31151.15,6.90,24,Default,2024-11-19,38222.90
L-0586,3276,1702.35,8.41,60,Default,2020-04-27,92503.22
L-0587,4485,1290.67,3.45,36,Default,2022-09-03,90125.92
L-0588,1396,30202.89,9.99,48,Default,2020-01-30,50048.13
L-0589,7848,44470.16,4.26,12,Current,2021-01-03,55731.05
L-0590,3640,45349.42,6.43,12,Delinquent,2021-03-29,36179.66
L-0591,2704,25606.38,13.74,60,Default,2021-08-23,63310.25
L-0592,7735,45851.51,12.00,36,Delinquent,2023-01-19,50250.34
L-0593,7313,4675.06,11.82,60,Delinquent,2021-05-30,38574.42
L-0594,4161,5114.67,4.08,48,Default,2021-02-23,91898.27
L-0595,3138,29129.99,10.41,24,Default,2021-06-30,45347.01
L-0596,6436,34247.12,11.35,48,Current,2022-06-23,87409.92
L-0597,5525,39075.81,7.00,24,Default,2020-09-04,63465.28
L-0598,8712,10765.06,7.46,48,Delinquent,2023-05-23,69392.04
L-0599,5919,13671.11,13.75,12,Current,2024-09-02,47590.99
L-0600,5417,49144.67,11.30,60,Delinquent,2023-03-10,10197.82
L-0601,2046,11250.95,4.15,24,Current,2021-01-15,44918.48
L-0602,7004,40871.45,4.33,12,Current,2021-11-26,69170.38
L-0603,5235,11519.74,14.67,60,Delinquent,2019-12-28,69213.30
L-0604,9263,9593.19,6.40,36,Current,2024-07-07,94608.71
L-0605,5951,9064.18,6.80,12,Default,2019-12-18,36473.31
L-0606,8683,3463.25,8.21,12,Current,2021-11-11,96948.08
L-0607,9627,10847.47,13.33,12,Current,2020-10-27,16877.65
L-0608,5587,19980.57,3.02,48,Delinquent,2020-05-11,50371.95
L-0609,4129,11273.70,14.84,60,Delinquent,2021-10-25,87646.84
L-0610,6428,22316.12,8.53,48,Delinquent,2024-07-28,14985.66
L-0611,9812,13838.09,12.09,36,Current,2022-07-07,20939.10
L-0612,5797,4480.85,3.97,48,Delinquent,2020-12-21,74035.81
L-0613,2999,41775.56,14.03,36,Delinquent,2022-09-06,94831.01
L-0614,7974,30329.75,12.40,48,Delinquent,2024-04-08,20134.00
L-0615,8803,23875.55,11.05,60,Current,2020-09-22,20356.70
L-0616,2022,11007.04,13.77,12,Default,2021-02-19,82823.15
L-0617,3596,40114.26,3.03,36,Current,2021-03-21,63834.01
L-0618,1424,12009.77,14.05,48,Delinquent,2020-04-30,16507.04
L-0619,1013,49681.69,10.96,36,Default,2024-01-29,76191.62
L-0620,5554,49207.89,8.00,24,Current,2022-10-13,44171.20
L-0621,4400,3430.60,14.48,60,Current,2023-01-16,97303.30
L-0622,1686,28220.09,11.36,36,Default,2022-08-10,32798.28
L-0623,3455,36438.25,3.92,60,Default,2021-09-07,81456.50
L-0624,2323,36730.52,14.38,36,Delinquent,2024-01-16,75987.88
L-0625,7877,47192.25,14.53,36,Default,2022-05-26,97018.64
L-0626,6931,17773.29,5.91,36,Current,2022-05-22,73943.37
L-0627,3132,11457.38,5.24,48,Current,2024-01-27,98956.61
L-0628,5488,21867.02,7.84,36,Default,2022-03-25,25918.62
L-0629,9025,40299.95,12.83,12,Current,2021-11-18,77731.42
L-0630,2702,15049.03,8.41,60,Default,2020-01-11,77109.61
L-0631,1341,46678.69,11.56,12,Delinquent,2020-02-20,38830.94
L-0632,8233,6122.51,4.50,12,Delinquent,2023-11-08,16581.55
L-0633,7629,2600.16,9.24,48,Current,2022-03-20,63594.95
L-0634,4152,35211.69,14.62,12,Delinquent,2024-06-11,16234.05
L-0635,7501,13983.47,6.61,48,Current,2024-07-26,28700.84
L-0636,8199,27478.44,7.02,48,Delinquent,2023-04-14,47853.93
L-0637,8182,39851.01,11.86,36,Delinquent,2024-07-15,91751.91
L-0638,8957,46905.18,13.76,48,Current,2022-06-09,27811.00
L-0639,2416,17397.65,6.27,60,Default,2020-09-12,18049.39
L-0640,1470,18930.20,12.66,24,Delinquent,2022-10-30,28597.78
L-0641,8989,17376.39,5.60,36,Default,2020-02-12,55993.43
L-0642,3426,11226.46,3.90,48,Current,2020-08-14,83855.33
L-0643,8766,12230.66,5.81,48,Current,2022-02-12,72499.69
L-0644,7669,40111.87,4.85,24,Default,2024-08-07,74006.14
L-0645,5558,6339.85,4.00,24,Current,2021-04-17,35626.60
L-0646,6475,17623.32,10.33,36,Delinquent,2020-05-17,34411.85
L-0647,5235,34564.04,5.70,24,Current,2024-04-06,98141.89
L-0648,6925,14771.63,7.06,36,Current,2020-01-23,35994.76
L-0649,5049,19199.29,7.16,24,Delinquent,2020-09-17,43715.47
L-0650,2678,26263.21,14.40,12,Default,2023-02-21,46674.94
L-0651,1385,34345.75,5.62,24,Current,2023-08-25,32675.56
L-0652,3401,8028.16,11.25,36,Current,2022-03-15,21663.03
L-0653,2218,36017.95,14.80,36,Default,2021-06-12,54116.22
L-0654,1223,44856.57,13.30,60,Current,2023-01-28,38154.78
L-0655,7828,30431.13,5.66,60,Default,2021-10-20,33417.04
L-0656,1488,25043.96,11.98,12,Delinquent,2021-01-06,22279.05
L-0657,3120,22026.99,6.70,36,Default,2019-12-15,13601.40
L-0658,5264,25679.44,14.42,36,Current,2022-02-11,71709.34
L-0659,2248,33238.33,14.48,36,Current,2020-08-01,62112.01
L-0660,7554,10595.79,3.20,48,Default,2021-05-31,81465.19
L-0661,3918,22339.85,5.69,48,Current,2021-10-03,40495.08
L-0662,3227,5272.33,9.28,60,Current,2024-07-23,86245.96
L-0663,5896,19455.59,6.81,36,Current,2020-02-05,27819.48
L-0664,6633,34876.81,10.33,60,Default,2024-06-01,43573.53
L-0665,2007,14943.00,10.74,36,Current,2022-08-16,22044.43
L-0666,3616,11726.06,11.15,12,Default,2023-09-18,82407.79
L-0667,5074,28319.86,4.30,12,Delinquent,2022-12-24,17234.48
L-0668,8696,30584.98,3.59,24,Default,2024-04-01,41689.29
L-0669,1178,32428.40,6.71,60,Default,2021-07-02,12961.71
L-0670,8351,8786.81,7.46,24,Delinquent,2023-02-09,88040.21
L-0671,5814,27583.41,13.42,60,Delinquent,2021-06-07,20730.93
L-0672,2060,40863.04,8.81,60,Default,2024-10-18,71197.77
L-0673,1667,42963.21,9.37,24,Delinquent,2021-03-20,55812.03
L-0674,3999,31711.07,4.44,60,Current,2021-06-09,50270.12
L-0675,1619,26927.59,4.23,24,Current,2022-12-30,91370.35
L-0676,4053,1382.67,5.88,36,Default,2024-06-07,21258.46
L-0677,7022,33088.26,9.52,48,Delinquent,2024-01-12,62018.95
L-0678,2090,49769.31,10.11,60,Current,2023-02-13,54649.70
L-0679,4502,10740.60,8.37,24,Delinquent,2021-06-29,89308.06
L-0680,8178,36863.88,13.05,36,Default,2024-05-28,63530.58
L-0681,7725,3357.99,3.41,60,Default,2022-02-19,35151.13
L-0682,7666,16716.43,10.88,12,Current,2022-09-09,18422.27
L-0683,5736,20528.55,9.13,36,Delinquent,2022-03-29,62709.85
L-0684,1419,20819.17,11.49,24,Current,2024-07-18,18853.03
L-0685,1573,40101.35,11.86,48,Delinquent,2022-02-17,14829.91
L-0686,8048,38952.68,3.22,36,Delinquent,2022-10-23,84018.20
L-0687,6473,6798.48,11.18,48,Default,2023-08-26,43831.70
L-0688,8858,37659.27,5.51,48,Default,2022-11-16,87532.14
L-0689,2970,11232.23,10.34,24,Current,2021-03-03,81146.04
L-0690,6198,33340.99,13.49,12,Delinquent,2022-02-27,90959.93
L-0691,5261,18483.37,3.83,12,Default,2020-05-30,57557.09
L-0692,6181,22449.51,10.92,36,Delinquent,2021-02-28,59022.66
L-0693,9537,11052.28,13.05,12,Delinquent,2022-10-29,24164.59
L-0694,5900,39747.90,13.05,24,Delinquent,2022-08-01,75426.15
L-0695,8415,13296.93,12.13,12,Default,2020-06-26,24884.11
L-0696,3165,34195.79,6.37,12,Current,2023-12-22,50129.41
L-0697,3319,3784.41,11.70,48,Default,2023-03-04,64760.42
L-0698,7827,17767.14,14.39,48,Default,2022-11-24,90025.29
L-0699,4388,43081.96,14.95,48,Default,2022-09-17,29466.96
L-0700,3947,32710.65,3.94,36,Current,2024-08-21,53633.32
L-0701,9912,28340.93,12.95,24,Default,2022-10-18,17151.26
L-0702,5623,40913.45,12.52,24,Default,2023-07-10,86163.53
L-0703,3296,16381.50,6.18,36,Delinquent,2021-07-24,54935.63
L-0704,7271,38434.48,8.57,48,Default,2020-11-06,16307.73
L-0705,6362,17085.31,6.16,24,Default,2023-09-16,79507.51
L-0706,7433,36066.52,5.13,36,Default,2019-12-16,90960.43
L-0707,1011,15142.12,12.05,36,Delinquent,2023-09-09,48744.49
L-0708,6224,23558.16,11.61,12,Current,2020-10-15,39134.32
L-0709,6170,14655.66,8.33,48,Current,2021-12-06,74405.22
L-0710,2900,25228.09,13.17,60,Default,2023-08-05,19009.44
L-0711,7834,22366.80,8.07,48,Delinquent,2024-07-02,45724.19
L-0712,2233,43497.00,8.44,60,Current,2022-06-06,98166.95
L-0713,8950,10129.90,10.85,24,Current,2023-01-25,55562.38
L-0714,1441,43366.85,6.59,60,Delinquent,2022-12-17,85052.97
L-0715,3715,23945.65,9.50,24,Delinquent,2023-02-21,80191.75
L-0716,7502,10992.42,14.66,60,Delinquent,2020-01-09,71486.02
L-0717,5444,25398.36,7.88,12,Delinquent,2021-03-17,34978.28
L-0718,6878,16826.77,12.25,48,Default,2020-10-06,25736.64
L-0719,1539,31565.44,9.46,12,Default,2021-07-15,46001.23
L-0720,2561,1395.03,11.05,60,Current,2022-05-21,34952.31
L-0721,1269,40660.30,5.62,60,Delinquent,2022-04-28,36915.72
L-0722,2243,46853.21,11.82,24,Default,2021-12-13,17933.51
L-0723,3751,7735.54,7.98,24,Current,2020-02-05,71273.87
L-0724,8119,47990.23,5.38,36,Default,2022-09-28,81281.13
L-0725,5750,1839.67,11.09,60,Current,2024-10-30,27588.27
L-0726,4174,44351.83,11.72,24,Delinquent,2021-11-20,86018.91
L-0727,2700,36658.58,4.11,12,Current,2024-02-22,41046.05
L-0728,2974,33424.63,5.78,48,Delinquent,2022-12-01,84859.23
L-0729,4249,19564.65,12.37,48,Current,2023-11-11,60373.79
L-0730,7080,5452.98,8.17,36,Delinquent,2024-01-05,19015.91
L-0731,8869,19978.72,11.67,36,Default,2020-08-19,44775.46
L-0732,6377,28986.11,5.49,36,Current,2024-10-29,42072.25
L-0733,4681,20279.62,8.57,24,Default,2023-05-31,48517.22
L-0734,2555,17012.12,13.04,24,Default,2022-10-23,70461.81
L-0735,9634,39112.09,14.82,60,Current,2020-03-25,68560.39
L-0736,3628,35429.32,8.23,60,Default,2020-01-16,78956.02
L-0737,9643,17736.02,12.08,12,Current,2022-01-08,16036.46
L-0738,2060,27010.30,13.98,36,Default,2024-07-14,50504.43
L-0739,8890,7045.31,4.94,36,Delinquent,2024-04-30,41101.85
L-0740,5543,14043.77,7.36,12,Delinquent,2021-12-26,64255.63
L-0741,8683,27982.47,13.43,60,Delinquent,2022-06-02,34087.46
L-0742,3416,26279.00,7.63,12,Default,2022-04-03,91765.51
L-0743,3300,18353.13,9.88,48,Default,2024-02-18,63597.97
L-0744,6625,23531.40,11.01,48,Default,2024-03-01,99263.87
L-0745,6588,4463.99,8.50,60,Current,2024-03-02,29135.49
L-0746,9496,22977.28,9.31,24,Delinquent,2021-11-02,67804.93
L-0747,7495,9812.14,8.41,24,Default,2021-03-21,48035.21
L-0748,9539,22888.15,14.50,48,Default,2021-09-16,99597.58
L-0749,6020,44238.74,10.25,36,Delinquent,2023-10-23,11853.23
L-0750,5422,10286.53,8.92,24,Delinquent,2020-07-25,56006.61
L-0751,7040,25080.44,14.09,36,Delinquent,2024-04-25,45807.36
L-0752,2245,12083.24,9.36,36,Delinquent,2020-04-18,71097.41
L-0753,4177,21069.77,7.15,48,Default,2022-01-17,55081.71
L-0754,8160,6718.16,10.22,60,Delinquent,2024-05-06,35053.22
L-0755,3261,38740.11,12.09,24,Current,2023-07-31,15265.17
L-0756,5554,33754.14,9.56,12,Default,2022-07-16,29265.97
L-0757,4779,8914.47,11.02,36,Current,2023-03-17,82559.01
L-0758,4847,22674.43,3.03,36,Default,2023-09-13,82322.63
L-0759,4724,46821.40,3.09,36,Delinquent,2021-03-13,87096.73
L-0760,9628,13564.27,10.15,60,Default,2021-12-11,62892.90
L-0761,2571,42375.88,14.86,60,Current,2020-10-05,58957.21
L-0762,3445,6263.99,14.71,12,Delinquent,2023-12-31,20096.86
L-0763,3045,34762.08,11.73,60,Current,2024-11-22,47188.18
L-0764,8543,3846.33,5.11,24,Current,2023-05-29,95656.82
L-0765,2274,40168.40,13.84,36,Delinquent,2022-01-26,73750.77
L-0766,5395,3353.22,13.13,60,Default,2019-12-27,81938.90
L-0767,5897,35973.25,10.51,12,Delinquent,2024-02-14,15517.65
L-0768,8361,8470.31,9.12,36,Current,2023-06-28,21503.38
L-0769,3517,39701.75,7.52,60,Default,2022-05-25,90860.90
L-0770,7164,11127.59,10.53,48,Default,2024-07-02,64706.61
L-0771,5870,28289.55,5.35,36,Delinquent,2020-06-08,29707.96
L-0772,7766,34976.08,13.60,12,Delinquent,2022-07-14,30312.50
L-0773,4031,42422.71,11.52,36,Default,2022-02-03,17422.18
L-0774,5565,47980.42,8.48,36,Default,2023-09-08,17616.69
L-0775,5292,39792.80,8.74,48,Default,2020-08-12,88260.22
L-0776,9300,34105.72,14.74,24,Current,2020-06-25,25333.71
L-0777,6141,3632.56,11.25,12,Delinquent,2020-04-18,29188.76
L-0778,4516,32421.53,8.04,36,Delinquent,2024-07-31,66596.98
L-0779,8802,16068.46,7.06,48,Default,2020-09-14,81226.23
L-0780,4572,6690.37,3.70,48,Delinquent,2024-11-17,40626.37
L-0781,7576,48161.27,8.46,24,Current,2019-12-27,69987.84
L-0782,9489,38239.72,8.26,24,Default,2020-02-26,83706.27
L-0783,2373,15970.33,5.32,12,Current,2022-08-14,11739.24
L-0784,2060,25976.95,8.75,24,Delinquent,2020-07-22,70941.03
L-0785,9104,11830.39,8.01,60,Delinquent,2021-02-04,43324.17
L-0786,5049,16935.58,4.84,36,Delinquent,2021-12-10,56410.11
L-0787,2671,2309.67,10.10,12,Current,2024-10-06,89423.24
L-0788,8056,24377.14,13.83,12,Delinquent,2021-01-04,17548.49
L-0789,4860,43537.14,3.46,48,Current,2022-12-31,37479.00
L-0790,4692,24894.21,8.68,48,Delinquent,2023-12-19,11257.05
L-0791,6604,24602.08,9.16,24,Delinquent,2021-11-25,94739.93
L-0792,3432,8008.48,11.75,48,Default,2024-09-04,97872.36
L-0793,4621,2018.45,8.88,12,Current,2022-06-16,98277.86
L-0794,4762,33014.94,7.37,48,Current,2023-09-28,67614.15
L-0795,3381,3276.82,9.58,60,Delinquent,2024-05-18,39873.46
L-0796,5485,1233.35,7.58,48,Delinquent,2022-03-03,94378.64
L-0797,1188,1177.99,6.60,24,Current,2024-07-12,46136.83
L-0798,7140,5277.22,5.39,24,Delinquent,2023-09-26,82672.28
L-0799,3350,7240.74,13.24,12,Current,2024-05-10,83812.48
L-0800,8753,33471.99,10.83,48,Default,2022-10-02,43782.81
L-0801,3432,37989.82,11.23,12,Default,2023-03-13,77643.23
L-0802,4127,28221.94,8.98,36,Default,2021-10-26,36941.20
L-0803,3565,11171.07,5.19,60,Delinquent,2023-03-17,73048.20
L-0804,4525,28208.88,7.96,48,Delinquent,2022-01-08,68519.39
L-0805,4212,37540.61,13.37,12,Delinquent,2022-04-23,11333.27
L-0806,2807,28765.96,14.95,60,Delinquent,2023-03-12,10972.24
L-0807,3180,23262.26,5.08,12,Delinquent,2023-01-05,80939.22
L-0808,2026,10163.80,11.10,24,Current,2020-05-13,66337.01
L-0809,2056,44558.92,3.44,48,Default,2020-05-28,82814.56
L-0810,4006,14631.57,11.67,36,Delinquent,2023-07-23,91765.47
L-0811,7858,18501.84,11.69,48,Current,2024-06-27,53342.89
L-0812,5355,36757.45,14.73,60,Delinquent,2020-06-01,77007.23
L-0813,4648,1547.99,12.26,60,Current,2022-12-15,94187.95
L-0814,9746,37454.79,7.03,24,Current,2022-01-07,42077.93
L-0815,9075,21192.39,8.86,36,Default,2021-12-25,65402.60
L-0816,7248,4010.42,3.46,60,Default,2022-05-16,11610.44
L-0817,1039,33339.81,3.09,36,Default,2021-07-07,24031.78
L-0818,2563,5770.59,9.38,12,Delinquent,2022-11-10,16407.47
L-0819,7515,42855.12,11.38,36,Default,2020-03-25,18401.71
L-0820,9728,47783.81,8.62,48,Default,2021-03-06,11786.95
L-0821,5656,24684.80,6.77,24,Current,2021-05-21,75515.57
L-0822,2930,48876.93,7.37,36,Delinquent,2021-04-14,82559.07
L-0823,1901,34748.33,13.30,48,Delinquent,2024-06-15,88886.66
L-0824,4328,39381.51,13.75,24,Current,2020-06-15,89388.00
L-0825,2064,34871.83,3.21,48,Delinquent,2024-11-04,82738.84
L-0826,5838,15003.20,7.10,24,Current,2023-04-06,16755.35
L-0827,9237,29921.98,11.82,24,Delinquent,2020-11-04,20045.76
L-0828,1459,37836.69,4.13,48,Delinquent,2023-05-11,35423.48
L-0829,9366,25256.79,13.76,48,Delinquent,2023-04-12,98909.36
L-0830,9358,48910.77,11.80,48,Default,2024-07-08,37699.36
L-0831,7269,17641.45,3.85,60,Delinquent,2024-05-10,46208.87
L-0832,4098,33332.18,10.28,60,Default,2023-03-09,89548.53
L-0833,9974,6685.81,4.61,24,Default,2022-04-23,82719.63
L-0834,2911,33710.52,3.42,48,Current,2024-06-21,42264.09
L-0835,4950,48843.49,13.72,36,Default,2021-06-14,22490.94
L-0836,1262,23975.68,7.93,48,Delinquent,2024-04-08,33728.34
L-0837,4390,27194.83,10.92,60,Current,2022-12-28,37425.83
L-0838,3185,21252.74,4.58,60,Current,2022-12-23,73668.62
L-0839,5201,6671.08,14.95,12,Current,2020-10-30,76849.09
L-0840,6058,3479.04,13.69,24,Current,2021-04-20,81080.46
L-0841,8615,38817.95,13.04,36,Delinquent,2023-09-15,14935.07
L-0842,9883,31717.48,3.01,12,Current,2024-08-01,96924.46
L-0843,9033,2446.88,6.45,12,Current,2023-10-16,35108.95
L-0844,1141,4377.93,5.86,48,Delinquent,2022-03-14,56801.77
L-0845,5236,33927.16,8.62,48,Delinquent,2022-06-28,13236.77
L-0846,3059,47844.23,6.60,24,Current,2020-01-08,97164.27
L-0847,9041,26136.35,9.43,60,Current,2021-07-18,27654.06
L-0848,7084,7325.71,4.49,12,Delinquent,2024-10-27,44201.92
L-0849,1695,26302.55,6.45,12,Delinquent,2023-12-26,17593.59
L-0850,2383,26786.35,14.68,36,Delinquent,2023-03-16,32620.62
L-0851,3991,39303.08,9.27,24,Delinquent,2023-03-19,57754.76
L-0852,4958,45281.95,7.04,60,Delinquent,2022-10-19,80594.72
L-0853,8998,23482.26,10.19,24,Current,2022-07-18,29368.25
L-0854,4916,20317.29,10.15,48,Default,2023-01-03,84128.69
L-0855,2023,12728.69,11.12,24,Default,2020-11-23,12227.83
L-0856,2328,36651.28,8.12,12,Current,2023-11-29,39479.21
L-0857,1094,42671.00,14.61,60,Delinquent,2020-06-03,54474.63
L-0858,6732,4175.80,13.31,12,Default,2021-08-03,21666.70
L-0859,4375,12365.03,3.48,24,Delinquent,2021-03-16,64284.65
L-0860,4976,11803.37,5.07,48,Delinquent,2022-03-22,77752.43
L-0861,2649,36531.23,4.99,60,Delinquent,2022-02-18,24294.37
L-0862,7844,7838.14,10.11,60,Default,2022-02-19,55041.56
L-0863,9279,33071.67,7.49,36,Delinquent,2022-03-11,39347.43
L-0864,4651,4345.99,13.49,60,Delinquent,2022-03-18,46384.52
L-0865,2943,29812.69,13.85,12,Current,2020-01-03,81608.64
L-0866,7779,39042.55,6.88,48,Delinquent,2020-09-11,13175.61
L-0867,9514,5229.42,8.34,12,Default,2023-03-22,96880.22
L-0868,4356,33454.45,11.69,36,Current,2020-04-21,59389.47
L-0869,7764,11651.21,5.34,48,Default,2021-12-22,65291.62
L-0870,9929,29202.78,13.81,12,Default,2021-10-29,81282.93
L-0871,6157,2129.29,14.58,24,Delinquent,2021-01-24,48183.13
L-0872,9271,27292.18,5.53,36,Delinquent,2022-03-07,56071.44
L-0873,5983,43281.42,9.29,24,Current,2024-03-11,42853.40
L-0874,4192,24448.91,5.20,12,Default,2020-11-17,39674.75
L-0875,3403,20706.99,13.50,12,Delinquent,2021-03-16,80859.14
L-0876,3422,23929.07,4.49,36,Delinquent,2022-05-13,13959.86
L-0877,8886,33978.61,12.09,60,Default,2020-11-21,28739.58
L-0878,3073,34140.97,4.91,12,Current,2021-07-13,50468.70
L-0879,8669,42360.57,5.19,12,Default,2023-09-15,16662.65
L-0880,2966,27806.01,7.23,12,Current,2023-05-11,47834.36
L-0881,4351,49706.66,8.34,24,Default,2022-02-23,73089.12
L-0882,5017,10419.88,12.13,12,Default,2020-01-06,22807.42
L-0883,6926,45807.99,7.39,60,Delinquent,2023-04-14,43931.70
L-0884,4963,25392.70,9.42,24,Default,2022-08-28,53403.90
L-0885,8688,41441.34,10.41,48,Default,2021-09-22,67188.77
L-0886,5753,32509.24,11.04,60,Current,2023-02-14,36564.15
L-0887,9694,14478.93,12.43,24,Current,2024-10-24,46064.29
L-0888,5761,36857.35,4.26,36,Current,2020-09-13,40520.22
L-0889,3354,21154.26,10.59,36,Default,2021-04-09,92254.46
L-0890,4111,33505.46,3.00,48,Delinquent,2020-11-04,36721.34
L-0891,4482,11440.47,4.49,12,Default,2021-12-20,74484.21
L-0892,8857,5855.23,7.20,36,Default,2021-12-14,14274.72
L-0893,7103,1985.48,12.63,24,Current,2022-05-29,63600.48
L-0894,9478,5123.52,3.83,36,Default,2020-06-14,89810.97
L-0895,8700,11683.55,7.01,48,Default,2020-01-31,53850.35
L-0896,4825,34066.05,12.85,12,Default,2021-12-31,83866.08
L-0897,4316,47606.24,6.77,36,Delinquent,2024-09-16,56728.12
L-0898,9450,29084.56,13.88,24,Default,2024-01-26,86846.99
L-0899,8717,4577.68,11.66,12,Current,2021-03-26,59803.62
L-0900,6024,44559.57,14.72,36,Delinquent,2020-05-09,18022.09
L-0901,7994,34400.32,6.76,36,Default,2024-07-14,41510.71
L-0902,5133,45028.03,11.78,12,Delinquent,2023-12-22,27573.52
L-0903,7208,10672.96,4.42,24,Delinquent,2023-04-15,69575.47
L-0904,9078,2362.33,14.21,48,Delinquent,2020-11-04,40308.46
L-0905,7107,43062.15,3.81,36,Current,2020-03-13,50679.95
L-0906,5031,10356.35,6.47,12,Current,2022-01-07,48152.13
L-0907,4457,20203.96,10.45,48,Default,2023-06-10,97600.34
L-0908,5154,4310.29,10.81,24,Delinquent,2024-05-01,33358.93
L-0909,6291,32503.99,7.51,36,Default,2020-02-12,94345.70
L-0910,6948,29371.07,3.34,36,Delinquent,2021-09-18,81330.43
L-0911,3138,8266.45,9.48,48,Default,2020-05-06,10769.41
L-0912,1908,42427.41,3.36,60,Current,2021-07-15,37120.68
L-0913,6139,13035.61,13.51,48,Default,2024-03-09,18386.21
L-0914,5522,34680.52,6.16,60,Delinquent,2024-09-09,41000.52
L-0915,1057,49714.87,10.70,12,Delinquent,2020-09-11,33430.67
L-0916,8865,23499.57,12.80,24,Delinquent,2021-03-15,72075.34
L-0917,6628,44337.05,5.09,36,Delinquent,2024-05-23,84943.81
L-0918,6037,42162.43,8.38,48,Current,2023-11-10,36520.16
L-0919,9504,14560.38,14.39,24,Delinquent,2021-08-18,15457.01
L-0920,9560,42340.77,12.76,48,Delinquent,2020-04-29,67808.38
L-0921,5748,22568.03,6.06,48,Delinquent,2021-06-27,24278.58
L-0922,8499,3430.28,12.88,36,Default,2022-12-27,84777.56
L-0923,8931,12412.83,4.09,48,Current,2021-05-17,10788.90
L-0924,3736,15629.40,13.00,36,Default,2021-09-26,20757.78
L-0925,2581,31215.03,10.32,48,Current,2024-04-17,65491.43
L-0926,5294,41798.06,4.24,36,Default,2022-04-02,86366.32
L-0927,2708,30516.08,5.16,48,Delinquent,2023-06-30,31351.49
L-0928,7202,4726.24,6.14,48,Current,2022-04-19,99990.06
L-0929,9719,5901.05,11.07,24,Delinquent,2024-06-25,67670.53
L-0930,1006,33276.18,10.36,24,Delinquent,2023-01-21,33954.01
L-0931,8458,41725.17,13.80,24,Current,2023-10-03,61018.05
L-0932,8084,32308.64,12.37,24,Delinquent,2020-01-11,72086.22
L-0933,2674,30924.05,9.60,12,Delinquent,2021-12-04,70152.81
L-0934,6998,16782.85,5.08,24,Current,2020-12-22,33625.15
L-0935,4858,37596.82,6.08,12,Delinquent,2022-11-20,66722.55
L-0936,6294,8498.61,11.98,36,Current,2020-10-13,51417.00
L-0937,4922,4018.74,14.78,12,Delinquent,2022-05-13,11613.10
L-0938,1634,15402.60,12.69,60,Current,2024-11-25,72598.62
L-0939,7386,48302.59,7.82,60,Default,2023-08-05,60442.72
L-0940,6502,1248.27,9.68,36,Current,2023-08-23,33820.43
L-0941,2172,45782.76,9.80,36,Delinquent,2022-06-07,54582.85
L-0942,3614,26952.46,5.60,12,Default,2020-03-02,32382.17
L-0943,5113,48274.28,7.11,24,Default,2022-01-24,46840.83
L-0944,1565,43917.05,14.99,36,Delinquent,2024-11-06,98525.48
L-0945,8409,27107.20,11.90,24,Default,2023-09-25,74642.76
L-0946,9968,41239.76,9.25,24,Delinquent,2023-11-19,33418.69
L-0947,9217,7851.85,13.59,48,Current,2023-10-31,23840.58
L-0948,8955,44503.65,5.05,36,Delinquent,2022-09-22,31146.25
L-0949,5633,9292.98,13.47,48,Delinquent,2023-06-10,90166.67
L-0950,9825,4553.73,4.07,48,Default,2023-09-08,47048.07
L-0951,8760,2065.60,4.49,60,Delinquent,2022-02-16,19846.42
L-0952,6331,35087.05,5.47,60,Current,2023-07-07,70157.05
L-0953,9551,46704.84,8.66,60,Current,2021-12-12,40453.43
L-0954,1554,21381.79,8.86,12,Current,2022-05-21,98490.32
L-0955,2913,24365.57,6.24,60,Current,2020-02-24,56060.41
L-0956,8672,23920.55,7.99,36,Delinquent,2024-04-10,68154.96
L-0957,2102,2007.53,10.51,36,Current,2024-04-16,76939.49
L-0958,6340,19527.47,11.20,60,Delinquent,2022-11-23,20092.74
L-0959,7118,16723.40,13.27,36,Current,2023-08-12,22332.94
L-0960,1505,5430.78,12.65,24,Default,2024-05-29,30507.61
L-0961,1019,1938.29,7.83,36,Current,2021-11-19,55095.82
L-0962,3784,46658.63,6.88,12,Current,2023-05-16,26607.09
L-0963,9194,38136.55,7.58,12,Delinquent,2022-10-31,38966.62
L-0964,1885,25933.46,10.02,48,Delinquent,2023-02-10,31206.39
L-0965,3679,37524.51,3.19,60,Default,2022-09-21,84330.44
L-0966,1227,45397.53,4.73,36,Delinquent,2020-05-24,60967.21
L-0967,2111,1657.39,11.98,48,Current,2024-04-01,39843.07
L-0968,3425,25763.82,10.53,36,Current,2021-04-01,40734.40
L-0969,6303,28689.41,8.47,48,Current,2024-08-23,53478.31
L-0970,9675,47416.75,4.49,36,Current,2021-09-22,56520.32
L-0971,5197,29836.31,13.70,60,Default,2024-12-02,28905.17
L-0972,7352,22626.85,11.62,12,Current,2024-06-12,22416.49
L-0973,3189,29959.81,14.13,12,Delinquent,2022-03-03,31357.53
L-0974,3107,44061.30,8.95,48,Current,2022-10-20,93651.61
L-0975,2377,23151.87,4.55,60,Delinquent,2022-12-14,82263.34
L-0976,8267,11999.78,11.84,36,Current,2020-10-14,47548.55
L-0977,7514,48197.51,10.78,12,Current,2022-10-28,22993.65
L-0978,7348,10698.19,3.12,12,Delinquent,2020-08-07,24644.58
L-0979,9711,49360.00,5.72,36,Current,2021-05-01,86543.43
L-0980,9678,14848.78,3.97,60,Delinquent,2022-09-24,33467.82
L-0981,6565,35392.46,14.66,24,Default,2022-10-09,95165.12
L-0982,4613,25533.21,14.13,36,Default,2020-12-01,54934.06
L-0983,8762,25767.07,11.93,24,Delinquent,2024-07-31,59178.27
L-0984,2415,30648.86,3.00,60,Default,2022-09-29,20708.08
L-0985,7384,27981.50,13.82,24,Delinquent,2023-04-05,45550.54
L-0986,4865,19451.50,14.27,60,Default,2022-05-20,47168.78
L-0987,1533,20907.51,5.12,36,Default,2022-11-22,79976.96
L-0988,4913,22789.42,7.85,24,Current,2021-01-14,91877.44
L-0989,2799,36591.46,8.40,60,Current,2024-10-03,57428.91
L-0990,1304,36356.85,3.81,12,Default,2022-06-27,83439.67
L-0991,8615,18950.37,14.16,24,Default,2020-09-15,36391.94
L-0992,8916,48380.23,3.33,12,Delinquent,2023-03-21,59499.97
L-0993,2550,38766.88,3.51,12,Default,2022-04-21,88514.31
L-0994,2093,46165.14,5.15,24,Delinquent,2022-05-28,28979.21
L-0995,3593,8455.38,3.92,36,Delinquent,2020-11-11,54508.37
L-0996,6383,36448.59,13.77,12,Delinquent,2020-12-22,54421.94
L-0997,3090,10318.32,5.01,48,Delinquent,2024-05-08,68320.40
L-0998,9601,36397.44,8.23,12,Default,2021-07-28,57745.06
L-0999,8074,10211.18,6.88,48,Current,2023-08-07,84956.76
L-1000,2433,30964.78,12.21,12,Delinquent,2022-04-20,49357.39
